{"Mean":{"confidence_interval":{"confidence_level":0.95,"lower_bound":6297749.776910958,"upper_bound":6715810.910351388},"point_estimate":6478196.689456162,"standard_error":103339.16081179936},"Median":{"confidence_interval":{"confidence_level":0.95,"lower_bound":6276424.232665639,"upper_bound":6294148.166666667},"point_estimate":6282672.954870665,"standard_error":5168.2742600221645},"MedianAbsDev":{"confidence_interval":{"confidence_level":0.95,"lower_bound":28043.356038494563,"upper_bound":52381.03795180996},"point_estimate":35974.144802579816,"standard_error":6597.935592855885},"Slope":{"confidence_interval":{"confidence_level":0.95,"lower_bound":6309213.555494022,"upper_bound":7424015.769247206},"point_estimate":6831604.329992611,"standard_error":280116.9248786053},"StdDev":{"confidence_interval":{"confidence_level":0.95,"lower_bound":52981.00924617065,"upper_bound":1538661.962983481},"point_estimate":1033442.209559426,"standard_error":329284.53235738864}}