{"Mean":{"confidence_interval":{"confidence_level":0.95,"lower_bound":676.8110079529175,"upper_bound":725.9112800501892},"point_estimate":700.386899473725,"standard_error":12.557775764053213},"Median":{"confidence_interval":{"confidence_level":0.95,"lower_bound":639.0286033411033,"upper_bound":685.3367820512821},"point_estimate":665.4527749125874,"standard_error":9.496568158446323},"MedianAbsDev":{"confidence_interval":{"confidence_level":0.95,"lower_bound":55.37540439597945,"upper_bound":103.25045237148352},"point_estimate":80.57552206021303,"standard_error":10.908963373476118},"Slope":{"confidence_interval":{"confidence_level":0.95,"lower_bound":657.906002082539,"upper_bound":703.7606684110899},"point_estimate":679.965520732211,"standard_error":11.745261317758185},"StdDev":{"confidence_interval":{"confidence_level":0.95,"lower_bound":97.58272710836758,"upper_bound":149.36525356252008},"point_estimate":125.38440839375787,"standard_error":13.273578116684307}}