{"Mean":{"confidence_interval":{"confidence_level":0.95,"lower_bound":1062.8182668547436,"upper_bound":1131.578010114457},"point_estimate":1096.3153366209372,"standard_error":17.577177387505294},"Median":{"confidence_interval":{"confidence_level":0.95,"lower_bound":1037.7853991421734,"upper_bound":1110.1933114362496},"point_estimate":1064.3486364618211,"standard_error":19.939590190737086},"MedianAbsDev":{"confidence_interval":{"confidence_level":0.95,"lower_bound":117.19768411888957,"upper_bound":199.75081810344432},"point_estimate":148.78546115294634,"standard_error":21.16043198004417},"Slope":{"confidence_interval":{"confidence_level":0.95,"lower_bound":1077.788548836778,"upper_bound":1139.5376050581376},"point_estimate":1107.8665459204456,"standard_error":15.703577491995846},"StdDev":{"confidence_interval":{"confidence_level":0.95,"lower_bound":144.2287305727345,"upper_bound":206.42309512897927},"point_estimate":177.06863851230358,"standard_error":15.86309070181792}}