{"Mean":{"confidence_interval":{"confidence_level":0.95,"lower_bound":2719.264741288922,"upper_bound":2728.532473900666},"point_estimate":2723.662785843358,"standard_error":2.377819587006072},"Median":{"confidence_interval":{"confidence_level":0.95,"lower_bound":2715.337708637174,"upper_bound":2722.5329862974495},"point_estimate":2718.178576354051,"standard_error":1.8956152452598614},"MedianAbsDev":{"confidence_interval":{"confidence_level":0.95,"lower_bound":10.511357090643566,"upper_bound":17.526729122274595},"point_estimate":13.148189317022856,"standard_error":1.7979979048110253},"Slope":{"confidence_interval":{"confidence_level":0.95,"lower_bound":2719.0449649631423,"upper_bound":2727.2967910166612},"point_estimate":2722.9171258835518,"standard_error":2.1068255548874792},"StdDev":{"confidence_interval":{"confidence_level":0.95,"lower_bound":17.262542668346402,"upper_bound":30.455196935191594},"point_estimate":23.941526881949564,"standard_error":3.409756328424445}}