{"Mean":{"confidence_interval":{"confidence_level":0.95,"lower_bound":4077.6596130273583,"upper_bound":4243.028681667336},"point_estimate":4155.974474301478,"standard_error":42.23280531800458},"Median":{"confidence_interval":{"confidence_level":0.95,"lower_bound":3932.1334776334775,"upper_bound":4011.4794372294373},"point_estimate":3955.2202098127264,"standard_error":19.702014453314405},"MedianAbsDev":{"confidence_interval":{"confidence_level":0.95,"lower_bound":35.511953204162744,"upper_bound":140.61401049963396},"point_estimate":74.74805890755039,"standard_error":26.094147905650278},"Slope":{"confidence_interval":{"confidence_level":0.95,"lower_bound":4240.6460782218055,"upper_bound":4546.259958247267},"point_estimate":4395.372899493574,"standard_error":77.92393363449811},"StdDev":{"confidence_interval":{"confidence_level":0.95,"lower_bound":309.23439523167906,"upper_bound":524.5980661721271},"point_estimate":424.62536667307114,"standard_error":54.94960935961527}}