{"Mean":{"confidence_interval":{"confidence_level":0.95,"lower_bound":-0.05168872943951157,"upper_bound":0.013460933924483286},"point_estimate":-0.021347786792424106,"standard_error":0.016823719605484417},"Median":{"confidence_interval":{"confidence_level":0.95,"lower_bound":-0.02145337633032185,"upper_bound":-0.0102389575764796},"point_estimate":-0.013000164512489532,"standard_error":0.002855455189138991}}