{"Mean":{"confidence_interval":{"confidence_level":0.95,"lower_bound":1620.308530642665,"upper_bound":1838.699092323259},"point_estimate":1725.3440136987383,"standard_error":55.56386899513098},"Median":{"confidence_interval":{"confidence_level":0.95,"lower_bound":1349.404264784053,"upper_bound":1732.3820881924198},"point_estimate":1567.8120028011203,"standard_error":115.22022455581606},"MedianAbsDev":{"confidence_interval":{"confidence_level":0.95,"lower_bound":147.83064925196564,"upper_bound":609.459816563951},"point_estimate":423.80850178522707,"standard_error":131.77027323223055},"Slope":{"confidence_interval":{"confidence_level":0.95,"lower_bound":1343.519399978128,"upper_bound":1412.2523887949121},"point_estimate":1373.5912475036416,"standard_error":17.559314991984618},"StdDev":{"confidence_interval":{"confidence_level":0.95,"lower_bound":437.32968905238965,"upper_bound":666.9868745526653},"point_estimate":559.1117471471667,"standard_error":58.58578407823446}}