{"Mean":{"confidence_interval":{"confidence_level":0.95,"lower_bound":3062.2029157026923,"upper_bound":3098.433214773675},"point_estimate":3078.4389925358364,"standard_error":9.32597670596357},"Median":{"confidence_interval":{"confidence_level":0.95,"lower_bound":3048.4367375808347,"upper_bound":3065.703810131971},"point_estimate":3055.1525791260997,"standard_error":4.434114643926074},"MedianAbsDev":{"confidence_interval":{"confidence_level":0.95,"lower_bound":22.038789390868285,"upper_bound":36.49687161787749},"point_estimate":27.816814398907727,"standard_error":3.6514783907060857},"Slope":{"confidence_interval":{"confidence_level":0.95,"lower_bound":3045.912182800982,"upper_bound":3057.271897263345},"point_estimate":3051.410111525249,"standard_error":2.89627058110163},"StdDev":{"confidence_interval":{"confidence_level":0.95,"lower_bound":45.84761707968497,"upper_bound":131.38327179864478},"point_estimate":93.75168864279767,"standard_error":21.709901335822906}}