{"Mean":{"confidence_interval":{"confidence_level":0.95,"lower_bound":2406.797045722129,"upper_bound":2415.7364125067147},"point_estimate":2410.895683566154,"standard_error":2.2904306348375796},"Median":{"confidence_interval":{"confidence_level":0.95,"lower_bound":2404.1221204120725,"upper_bound":2409.537213067639},"point_estimate":2405.91851651876,"standard_error":1.3754294940704441},"MedianAbsDev":{"confidence_interval":{"confidence_level":0.95,"lower_bound":8.624202321257913,"upper_bound":16.074639849535263},"point_estimate":12.079587618610857,"standard_error":1.9047001253084375},"Slope":{"confidence_interval":{"confidence_level":0.95,"lower_bound":2401.779447145546,"upper_bound":2407.7198294502773},"point_estimate":2404.609746138139,"standard_error":1.5171667397602948},"StdDev":{"confidence_interval":{"confidence_level":0.95,"lower_bound":13.612917935061528,"upper_bound":32.20978140998483},"point_estimate":22.92087841536663,"standard_error":5.013760812788479}}